id	first_name	last_name	email	gender	ip_address
1	Cordula	Likely	clikely0@apple.com	Female	84.158.126.82
2	Teodoro	Dearnaly	tdearnaly1@uol.com.br	Male	133.13.228.167
3	Sander	Wiggall	swiggall2@drupal.org	Agender	20.77.143.19
4	Perice	Neale	pneale3@washington.edu	Male	213.29.244.34
5	Ingeberg	Cranney	icranney4@umn.edu	Female	215.114.224.49
6	Genna	Bleibaum	gbleibaum5@t-online.de	Female	186.205.115.124
7	Abbey	Rohlf	arohlf6@ihg.com	Male	21.206.103.27
8	Mallissa	Karsh	mkarsh7@bigcartel.com	Female	148.109.151.67
9	Tadio	Coopey	tcoopey8@loc.gov	Male	147.26.203.240
10	Rosabelle	Dinning	rdinning9@ezinearticles.com	Female	71.206.0.16
11	Alfy	Lattie	alattiea@zimbio.com	Male	131.163.112.1
12	Araldo	Ladson	aladsonb@reuters.com	Male	5.37.194.69
13	Rozella	Stambridge	rstambridgec@people.com.cn	Female	169.240.216.14
14	Lynne	Scrane	lscraned@yelp.com	Female	101.1.108.41
15	Frank	Swanne	fswannee@ehow.com	Male	168.27.62.150
16	Leigh	Ivakhnov	livakhnovf@google.co.jp	Female	120.225.181.221
17	Teodora	Gebbe	tgebbeg@nydailynews.com	Female	167.101.11.225
18	Baldwin	Frost	bfrosth@buzzfeed.com	Male	63.180.211.165
19	Franciska	Delamaine	fdelamainei@sphinn.com	Genderqueer	86.132.179.22
20	Lurline	Mallaby	lmallabyj@posterous.com	Female	104.54.195.95
21	Hadleigh	Gemmell	hgemmellk@chronoengine.com	Male	128.10.59.242
22	Karilynn	Gouthier	kgouthierl@networkadvertising.org	Female	56.129.39.137
23	Rosalynd	Van Halen	rvanhalenm@auda.org.au	Female	128.92.175.185
24	Milton	Boyfield	mboyfieldn@plala.or.jp	Male	181.251.246.56
25	Stan	Chishull	schishullo@sphinn.com	Male	19.74.142.76
26	Merilee	Fitzsimmons	mfitzsimmonsp@pbs.org	Female	5.200.212.56
27	Beale	Sommersett	bsommersettq@wordpress.org	Male	200.113.223.169
28	Emalee	Spofford	espoffordr@salon.com	Female	10.81.24.158
29	West	Spurrior	wspurriors@webeden.co.uk	Male	94.127.102.87
30	Sabrina	New	snewt@jimdo.com	Female	174.146.135.214
31	Urbain	Dehn	udehnu@howstuffworks.com	Male	216.155.154.56
32	Lindsay	Sorbey	lsorbeyv@infoseek.co.jp	Female	75.208.215.253
33	Starlene	Wellman	swellmanw@mozilla.com	Female	252.210.81.22
34	Camellia	Follos	cfollosx@economist.com	Female	119.203.19.147
35	Dewain	Bradbury	dbradburyy@elpais.com	Male	199.149.60.53
36	Christabel	Maureen	cmaureenz@wikimedia.org	Female	106.91.169.110
37	Mable	Calvey	mcalvey10@123-reg.co.uk	Female	24.50.25.233
38	Avram	Argent	aargent11@nih.gov	Male	78.191.112.52
39	Ailina	Gulk	agulk12@sbwire.com	Female	137.46.248.57
40	Kettie	Evens	kevens13@newyorker.com	Female	255.185.67.154
41	Dalila	Batchley	dbatchley14@nydailynews.com	Female	245.168.193.99
42	Cherianne	Forrest	cforrest15@nbcnews.com	Female	155.250.168.147
43	Kristian	Bafford	kbafford16@51.la	Male	69.237.35.135
44	Dody	Tutchings	dtutchings17@gizmodo.com	Female	38.175.64.34
45	Leodora	Shieber	lshieber18@blogger.com	Female	191.237.126.228
46	Kriste	Mackerness	kmackerness19@wiley.com	Female	150.128.151.239
47	Tricia	Aveyard	taveyard1a@gnu.org	Female	164.45.227.155
48	Delainey	Hebron	dhebron1b@addthis.com	Male	118.119.254.245
49	Norton	Barz	nbarz1c@ucoz.com	Male	237.143.137.247
50	Mireielle	Yglesia	myglesia1d@slashdot.org	Female	82.80.180.128
51	Elinore	Clementet	eclementet1e@vimeo.com	Female	160.193.145.151
52	Silvain	Reyson	sreyson1f@acquirethisname.com	Male	225.31.110.26
53	Ellis	Jurries	ejurries1g@lulu.com	Male	103.117.156.255
54	Corabella	Lacroux	clacroux1h@51.la	Female	83.177.158.42
55	Beale	Maytom	bmaytom1i@dagondesign.com	Male	148.58.26.83
56	Nancey	Penhalewick	npenhalewick1j@reference.com	Female	187.202.23.244
57	Arabela	Padson	apadson1k@edublogs.org	Female	233.219.200.188
58	Jory	Joliffe	jjoliffe1l@bbc.co.uk	Male	23.196.13.203
59	Jelene	Domingues	jdomingues1m@state.gov	Female	23.156.181.184
60	Percy	Roots	proots1n@miitbeian.gov.cn	Male	103.214.206.237
61	Barnebas	Leaman	bleaman1o@fastcompany.com	Male	150.153.149.197
62	Bradley	Casolla	bcasolla1p@fotki.com	Male	153.101.146.121
63	Allys	Pestridge	apestridge1q@51.la	Genderfluid	39.112.93.68
64	Raddy	Mewton	rmewton1r@narod.ru	Male	237.93.174.166
65	Jeffie	Vondra	jvondra1s@ameblo.jp	Male	191.97.100.123
66	Ermina	Crowcher	ecrowcher1t@histats.com	Female	189.54.136.130
67	Rosamond	Scneider	rscneider1u@sciencedirect.com	Female	52.179.41.115
68	Westbrook	Pawley	wpawley1v@icio.us	Male	88.197.162.42
69	Christopher	O' Borne	coborne1w@rakuten.co.jp	Male	135.4.50.248
70	Fiona	Schreurs	fschreurs1x@google.nl	Female	251.232.203.111
71	Clarabelle	Lyosik	clyosik1y@ucoz.com	Female	10.245.183.85
72	Gerrard	Charlet	gcharlet1z@samsung.com	Male	144.7.135.254
73	Poul	Blazi	pblazi20@wordpress.org	Male	162.76.54.111
74	Jasen	Dymick	jdymick21@canalblog.com	Male	209.210.195.87
75	Thornie	McLaine	tmclaine22@latimes.com	Male	169.101.115.111
76	Vick	Edwinson	vedwinson23@squidoo.com	Male	162.183.189.39
77	Clem	Rounding	crounding24@macromedia.com	Male	172.104.72.91
78	Chris	Bardey	cbardey25@chicagotribune.com	Female	84.134.185.153
79	Demeter	Kepp	dkepp26@adobe.com	Female	74.111.220.108
80	Vernen	Chastan	vchastan27@addthis.com	Male	220.199.106.94
81	Hodge	Jendrassik	hjendrassik28@icq.com	Male	159.254.87.187
82	Datha	Bernhart	dbernhart29@e-recht24.de	Female	234.146.85.45
83	Isis	Schreiner	ischreiner2a@ucoz.com	Female	124.65.29.160
84	Marja	Antonucci	mantonucci2b@xrea.com	Female	100.177.226.208
85	Tyne	Pilbury	tpilbury2c@ning.com	Female	167.6.231.220
86	Merralee	Rohlf	mrohlf2d@smugmug.com	Female	72.70.39.173
87	Adham	Abatelli	aabatelli2e@microsoft.com	Male	251.205.175.195
88	Chloris	Bruckental	cbruckental2f@constantcontact.com	Female	58.226.22.215
89	Ann-marie	Immings	aimmings2g@pinterest.com	Female	78.98.70.184
90	Melvyn	Quayle	mquayle2h@wikispaces.com	Male	50.11.252.51
91	Andi	Diver	adiver2i@elegantthemes.com	Female	75.238.8.183
92	Wilhelm	Thackham	wthackham2j@wufoo.com	Male	112.248.140.105
93	Rogers	Siggins	rsiggins2k@globo.com	Male	52.239.39.222
94	Emory	Senogles	esenogles2l@sciencedirect.com	Male	57.151.103.46
95	Simeon	Daintry	sdaintry2m@technorati.com	Male	46.158.16.110
96	Elysia	Martindale	emartindale2n@wikispaces.com	Female	251.56.57.111
97	Earvin	Meriguet	emeriguet2o@cisco.com	Polygender	228.218.30.80
98	Damaris	Wight	dwight2p@purevolume.com	Non-binary	138.231.161.246
99	Corty	Trank	ctrank2q@storify.com	Male	240.254.219.224
100	Ynez	Furmonger	yfurmonger2r@cisco.com	Agender	143.164.58.234
101	Suzette	Grassi	sgrassi2s@earthlink.net	Female	98.50.208.212
102	Lynnelle	Facey	lfacey2t@paypal.com	Female	6.8.51.218
103	Ward	Skrzynski	wskrzynski2u@sina.com.cn	Male	174.212.108.121
104	Sylvan	Harford	sharford2v@gmpg.org	Male	5.137.241.205
105	Jecho	Newcomb	jnewcomb2w@newyorker.com	Male	50.83.19.14
106	Kahaleel	Laborde	klaborde2x@mozilla.com	Male	189.64.207.192
107	Almeria	Bembrick	abembrick2y@rediff.com	Female	158.95.109.72
108	Tildie	Perrins	tperrins2z@cbsnews.com	Female	104.242.83.63
109	Diarmid	Dunford	ddunford30@eepurl.com	Male	3.229.104.9
110	Dayle	Anger	danger31@stumbleupon.com	Female	83.0.16.50
111	Patience	Zmitrovich	pzmitrovich32@youku.com	Female	222.143.206.29
112	Benson	Aylott	baylott33@columbia.edu	Male	35.58.102.155
113	Corella	McCrystal	cmccrystal34@sphinn.com	Female	87.140.21.131
114	Elbertina	Feeny	efeeny35@vk.com	Genderfluid	183.11.22.168
115	Ulick	Broxup	ubroxup36@networksolutions.com	Male	174.130.200.224
116	Mendy	Antic	mantic37@tiny.cc	Male	0.83.185.249
117	Stanwood	Pocock	spocock38@cam.ac.uk	Male	222.193.216.51
118	Alisha	Sloam	asloam39@istockphoto.com	Female	57.157.227.58
119	Hendrik	Winterton	hwinterton3a@statcounter.com	Male	49.196.16.244
120	Nelia	McGlade	nmcglade3b@springer.com	Female	249.31.191.93
121	Mattie	Umbers	mumbers3c@dailymail.co.uk	Male	59.116.255.121
122	Kittie	Steer	ksteer3d@skyrock.com	Female	140.160.236.180
123	Allie	Skipton	askipton3e@guardian.co.uk	Male	162.231.10.153
124	Cheslie	Sivyer	csivyer3f@un.org	Female	173.70.154.109
125	Harcourt	Loyley	hloyley3g@prlog.org	Male	31.122.33.107
126	Brod	Drakes	bdrakes3h@admin.ch	Male	161.84.87.174
127	Bunny	Cohane	bcohane3i@mac.com	Female	242.174.36.54
128	Estell	Frowen	efrowen3j@cnbc.com	Female	127.218.170.174
129	Lenna	Inkle	linkle3k@wordpress.com	Female	177.9.47.122
130	Kristan	Mullett	kmullett3l@technorati.com	Female	52.26.139.39
131	Talia	Diperaus	tdiperaus3m@scribd.com	Female	223.207.225.239
132	Sallie	Kermannes	skermannes3n@mapquest.com	Female	204.133.104.39
133	Dolli	Kidd	dkidd3o@census.gov	Female	27.173.216.27
134	Matias	Thomerson	mthomerson3p@t-online.de	Male	187.111.144.174
135	Brigida	Andreia	bandreia3q@vk.com	Agender	249.160.28.105
136	Gnni	Lodwick	glodwick3r@vistaprint.com	Female	227.140.207.170
137	Cal	Wainscoat	cwainscoat3s@harvard.edu	Male	203.13.230.230
138	Langsdon	Corsham	lcorsham3t@amazon.co.uk	Male	136.42.2.12
139	Amargo	McMeeking	amcmeeking3u@illinois.edu	Genderqueer	96.45.136.2
140	Keeley	Bowler	kbowler3v@go.com	Female	185.161.18.56
141	Lemuel	Bazley	lbazley3w@myspace.com	Male	208.234.60.167
142	Beryle	Regardsoe	bregardsoe3x@blog.com	Female	62.71.85.85
143	Alanson	Dunmore	adunmore3y@webmd.com	Male	150.147.251.1
144	Hercule	Jansens	hjansens3z@sina.com.cn	Male	143.103.215.183
145	Irina	Sterrie	isterrie40@icio.us	Female	235.4.153.103
146	Gardiner	Tinghill	gtinghill41@arizona.edu	Male	134.255.21.241
147	Wilt	Rushbrook	wrushbrook42@smh.com.au	Male	181.211.199.69
148	Edee	Nurny	enurny43@aboutads.info	Female	33.136.95.2
149	Waylan	Synke	wsynke44@about.me	Male	157.58.52.52
150	Armando	McFfaden	amcffaden45@telegraph.co.uk	Bigender	173.219.20.204
151	Marje	Soane	msoane46@smugmug.com	Female	125.86.11.139
152	Anderson	Benezet	abenezet47@tamu.edu	Genderfluid	151.161.90.225
153	Orelia	Bagg	obagg48@whitehouse.gov	Female	6.149.38.2
154	Antony	Bernini	abernini49@dell.com	Male	85.197.25.70
155	Jeannine	Hamprecht	jhamprecht4a@slashdot.org	Female	40.160.61.17
156	Onida	Daugherty	odaugherty4b@ovh.net	Female	85.135.63.37
157	Esme	Neaves	eneaves4c@pagesperso-orange.fr	Male	145.94.46.105
158	Ariel	Umfrey	aumfrey4d@ezinearticles.com	Male	60.49.243.196
159	Ailsun	Dolton	adolton4e@icio.us	Non-binary	123.156.242.135
160	Jocelin	MacAiline	jmacailine4f@bizjournals.com	Female	103.140.147.188
161	Umeko	Julyan	ujulyan4g@nasa.gov	Female	92.54.153.207
162	Dixie	Mertin	dmertin4h@shinystat.com	Female	224.39.20.174
163	Clark	Jerromes	cjerromes4i@livejournal.com	Male	86.141.143.43
164	Delaney	Scarr	dscarr4j@go.com	Male	215.12.233.58
165	George	Taffee	gtaffee4k@wikipedia.org	Male	144.61.91.96
166	Glenine	Audibert	gaudibert4l@salon.com	Female	57.123.228.252
167	Koressa	Breston	kbreston4m@dyndns.org	Genderqueer	252.43.55.159
168	Jaquenette	Cadigan	jcadigan4n@wikimedia.org	Female	94.183.173.58
169	Franky	Latty	flatty4o@arstechnica.com	Male	13.186.150.140
170	Barron	Elverston	belverston4p@over-blog.com	Male	208.177.5.66
171	Krista	Worcester	kworcester4q@sourceforge.net	Female	220.78.233.237
172	Ashely	Merwe	amerwe4r@washington.edu	Female	193.64.69.148
173	Ollie	Castellone	ocastellone4s@google.it	Female	192.111.149.76
174	Candi	Bees	cbees4t@aol.com	Female	5.47.196.127
175	Dayle	Haill	dhaill4u@jimdo.com	Female	71.125.1.179
176	Merrilee	Clyde	mclyde4v@berkeley.edu	Female	236.92.132.221
177	Myrtie	Syrad	msyrad4w@issuu.com	Female	34.34.62.6
178	Sauncho	Walwood	swalwood4x@wikipedia.org	Male	116.77.151.95
179	Timotheus	Arons	tarons4y@ftc.gov	Male	230.86.83.5
180	Mal	Hurdedge	mhurdedge4z@wordpress.org	Male	240.19.80.28
181	Darrel	Lippett	dlippett50@seattletimes.com	Male	216.33.37.152
182	Kristy	Ennor	kennor51@auda.org.au	Female	253.33.138.227
183	Juanita	Lowing	jlowing52@goo.gl	Female	25.46.218.193
184	Willi	Toffaloni	wtoffaloni53@themeforest.net	Male	67.147.220.33
185	Geoffrey	McMychem	gmcmychem54@hibu.com	Male	83.196.7.31
186	Sacha	Jardin	sjardin55@icq.com	Female	210.225.25.20
187	Hadrian	Beach	hbeach56@geocities.jp	Male	191.184.66.139
188	Darline	Dimitriou	ddimitriou57@biblegateway.com	Female	237.30.81.176
189	Ford	Hold	fhold58@tripod.com	Male	200.193.102.115
190	Lorie	Southers	lsouthers59@wikia.com	Female	96.133.225.212
191	Burnard	Ailsbury	bailsbury5a@eventbrite.com	Male	202.160.187.47
192	Rustin	McVeigh	rmcveigh5b@privacy.gov.au	Male	29.88.189.13
193	Agustin	Bridle	abridle5c@wikipedia.org	Male	208.37.69.130
194	Colin	Hammerson	chammerson5d@chron.com	Male	125.247.26.200
195	Artus	Solesbury	asolesbury5e@amazonaws.com	Bigender	63.18.148.124
196	Pall	Dhenin	pdhenin5f@youtu.be	Genderfluid	131.32.172.181
197	Pepillo	Nairn	pnairn5g@infoseek.co.jp	Genderfluid	215.84.112.126
198	Carmina	Crangle	ccrangle5h@amazon.co.uk	Female	63.243.23.21
199	Ruby	Hillatt	rhillatt5i@microsoft.com	Female	199.1.211.105
200	Pren	Coils	pcoils5j@npr.org	Male	168.185.173.211
201	Gannon	Dungee	gdungee5k@surveymonkey.com	Male	247.150.196.8
202	Karina	Spalls	kspalls5l@fda.gov	Female	17.231.27.131
203	Crissie	Medlen	cmedlen5m@w3.org	Female	252.254.103.35
204	Mohandas	Outlaw	moutlaw5n@youtube.com	Male	79.41.24.167
205	Rosita	Cosham	rcosham5o@shareasale.com	Female	151.42.22.31
206	Myriam	Joontjes	mjoontjes5p@liveinternet.ru	Female	9.122.18.17
207	Ado	Addey	aaddey5q@bing.com	Male	29.84.217.201
208	Flinn	Rappport	frappport5r@last.fm	Male	153.243.22.20
209	Cletis	Grivori	cgrivori5s@reddit.com	Male	151.87.96.158
210	Faye	Stilwell	fstilwell5t@squarespace.com	Female	23.79.246.125
211	Uri	Shoebotham	ushoebotham5u@time.com	Non-binary	186.74.58.178
212	Fredric	Gurnett	fgurnett5v@wordpress.com	Male	134.224.85.55
213	Karrie	Galliard	kgalliard5w@eventbrite.com	Female	158.54.0.127
214	Verena	Derry	vderry5x@sun.com	Female	248.222.155.245
215	Yancey	Jubb	yjubb5y@google.pl	Genderfluid	175.169.122.29
216	Riobard	Oven	roven5z@home.pl	Male	211.90.125.99
217	Jess	McCard	jmccard60@sakura.ne.jp	Female	184.58.150.145
218	Mendy	Joesbury	mjoesbury61@clickbank.net	Male	30.137.90.102
219	Abbey	Butson	abutson62@github.com	Male	187.187.44.187
220	Menard	Weafer	mweafer63@booking.com	Male	1.115.39.200
221	Catharine	Mabbs	cmabbs64@cisco.com	Female	172.140.97.185
222	Mikey	Hiddsley	mhiddsley65@ftc.gov	Male	177.71.191.207
223	Tomi	Brackstone	tbrackstone66@icio.us	Female	243.119.62.67
224	Berk	Botly	bbotly67@google.ru	Male	17.1.196.111
225	Iorgos	Ivankovic	iivankovic68@gravatar.com	Male	175.106.221.97
226	Pearce	Snufflebottom	psnufflebottom69@lulu.com	Male	230.119.220.113
227	Berri	Killik	bkillik6a@yolasite.com	Female	149.134.96.30
228	Roda	Kennsley	rkennsley6b@mlb.com	Female	193.220.126.116
229	Arden	Hebson	ahebson6c@ask.com	Female	230.140.96.133
230	Ronny	Cardenosa	rcardenosa6d@economist.com	Female	97.77.226.131
231	Dionysus	Sclater	dsclater6e@baidu.com	Male	206.0.198.33
232	Jeddy	Moffat	jmoffat6f@marketwatch.com	Male	242.220.157.89
233	Casey	Witham	cwitham6g@cnbc.com	Male	240.20.105.255
234	Eleanor	Edgecumbe	eedgecumbe6h@ustream.tv	Female	218.179.218.171
235	Devondra	Romagosa	dromagosa6i@flickr.com	Non-binary	31.148.110.147
236	Adair	Argrave	aargrave6j@umn.edu	Male	140.155.80.198
237	Shaylynn	Magill	smagill6k@mapquest.com	Female	217.240.225.78
238	Ezra	Mundee	emundee6l@shop-pro.jp	Male	241.225.202.91
239	Andrew	Indgs	aindgs6m@bluehost.com	Male	114.20.9.28
240	Aristotle	Nasi	anasi6n@bluehost.com	Male	138.144.230.217
241	Townie	Mitcheson	tmitcheson6o@sphinn.com	Male	241.8.135.39
242	Atlante	Peidro	apeidro6p@smh.com.au	Female	75.146.161.130
243	Camille	Simnett	csimnett6q@virginia.edu	Female	223.144.182.84
244	Gaylene	Maingot	gmaingot6r@odnoklassniki.ru	Female	20.124.217.11
245	Gabriello	Hayselden	ghayselden6s@paginegialle.it	Male	176.152.97.194
246	Elwin	Whitwood	ewhitwood6t@diigo.com	Male	33.153.139.23
247	Nickey	Goracci	ngoracci6u@opensource.org	Male	20.239.20.24
248	Regan	Bendin	rbendin6v@craigslist.org	Male	99.9.5.26
249	Price	Waite	pwaite6w@ca.gov	Male	209.217.32.17
250	Bart	Hatchard	bhatchard6x@mozilla.com	Polygender	47.75.159.203
251	Emelyne	Routledge	eroutledge6y@patch.com	Female	91.16.30.3
252	Drake	Matten	dmatten6z@seattletimes.com	Male	237.189.170.40
253	Boot	Moggie	bmoggie70@amazon.co.uk	Male	197.163.124.134
254	Gene	Pascow	gpascow71@timesonline.co.uk	Male	45.18.106.46
255	Bernete	Bendik	bbendik72@cafepress.com	Female	72.71.148.127
256	Blondell	Tooze	btooze73@archive.org	Female	11.137.142.70
257	Collette	Chater	cchater74@walmart.com	Female	162.167.143.180
258	Ottilie	Chapleo	ochapleo75@newyorker.com	Female	131.187.226.242
259	Wilbur	McKeighen	wmckeighen76@hhs.gov	Male	198.49.55.196
260	Rosanna	Simnor	rsimnor77@springer.com	Female	80.27.60.132
261	Jesus	Chapple	jchapple78@printfriendly.com	Bigender	15.197.186.15
262	Ferne	Rawle	frawle79@bloomberg.com	Female	98.95.254.18
263	Kenyon	Kitchiner	kkitchiner7a@prweb.com	Male	177.216.169.206
264	Jack	Waggitt	jwaggitt7b@lulu.com	Male	185.134.175.9
265	Jenna	Haglington	jhaglington7c@blog.com	Female	131.98.69.29
266	Killie	Klishin	kklishin7d@nbcnews.com	Male	150.124.78.44
267	Ursola	Wilsdon	uwilsdon7e@apple.com	Female	174.67.140.64
268	Enoch	Bowra	ebowra7f@yandex.ru	Male	106.0.160.170
269	Philippa	Brunone	pbrunone7g@people.com.cn	Female	192.246.252.194
270	Ynez	Myton	ymyton7h@squarespace.com	Female	124.121.80.134
271	Helenka	Gowrich	hgowrich7i@omniture.com	Female	29.7.176.2
272	Pooh	Ingon	pingon7j@google.com.hk	Female	189.218.85.19
273	Melisse	Bartoletti	mbartoletti7k@booking.com	Female	23.89.196.212
274	Willy	Martinson	wmartinson7l@elegantthemes.com	Female	161.63.237.206
275	Alvis	Beneteau	abeneteau7m@omniture.com	Genderqueer	132.231.24.3
276	Ruthi	Goolding	rgoolding7n@de.vu	Female	93.220.209.124
277	Sergei	Laneham	slaneham7o@who.int	Genderqueer	222.242.62.115
278	Eamon	Gibard	egibard7p@xinhuanet.com	Male	168.50.236.71
279	Rochette	Eadington	readington7q@nationalgeographic.com	Female	102.201.197.51
280	Honor	Neward	hneward7r@github.com	Female	109.219.156.253
281	Danni	Semkins	dsemkins7s@cyberchimps.com	Genderfluid	251.14.0.63
282	Perla	Boules	pboules7t@walmart.com	Female	192.204.64.169
283	Elvyn	Grishinov	egrishinov7u@xinhuanet.com	Male	189.22.251.174
284	Kingsley	Godbert	kgodbert7v@narod.ru	Male	42.219.198.161
285	Evey	Houtby	ehoutby7w@zimbio.com	Female	25.23.30.44
286	Adella	Cogger	acogger7x@latimes.com	Female	247.118.134.23
287	Nicolis	Kincade	nkincade7y@parallels.com	Male	245.212.185.189
288	Camilla	Grimbleby	cgrimbleby7z@mozilla.com	Female	185.53.24.9
289	Rodie	Greenless	rgreenless80@thetimes.co.uk	Female	61.78.133.72
290	Gayelord	Churchley	gchurchley81@pen.io	Male	204.5.159.24
291	Gwendolyn	Chellam	gchellam82@scribd.com	Female	138.245.241.65
292	Gaspar	Deabill	gdeabill83@amazonaws.com	Male	41.62.220.30
293	Lynea	Mustchin	lmustchin84@gizmodo.com	Female	199.230.27.191
294	Nonie	Aberdein	naberdein85@whitehouse.gov	Bigender	1.153.236.39
295	Whitaker	Bragg	wbragg86@hp.com	Male	64.140.12.242
296	Brett	MacTurlough	bmacturlough87@blogtalkradio.com	Male	205.195.122.162
297	Gilles	O'Dunneen	godunneen88@hibu.com	Male	108.141.9.117
298	Karita	Madle	kmadle89@examiner.com	Female	85.209.244.114
299	Esme	Mowles	emowles8a@nymag.com	Male	221.178.141.120
300	Melesa	Lemmanbie	mlemmanbie8b@stumbleupon.com	Female	218.46.48.250
301	Giles	Nell	gnell8c@stanford.edu	Male	170.140.96.129
302	Grantham	Gonnin	ggonnin8d@creativecommons.org	Male	227.5.151.142
303	Shelagh	Elsley	selsley8e@go.com	Female	49.3.27.159
304	Damiano	Pendreigh	dpendreigh8f@indiatimes.com	Male	90.39.202.195
305	Mellicent	Falck	mfalck8g@lycos.com	Female	148.132.214.138
306	Karoline	Doret	kdoret8h@blogger.com	Female	23.123.131.88
307	Jamima	Norwich	jnorwich8i@drupal.org	Female	139.32.1.184
308	Clemmy	Borland	cborland8j@reddit.com	Female	182.21.59.186
309	Modesta	Giacaponi	mgiacaponi8k@salon.com	Female	135.177.101.34
310	Kerby	Niessen	kniessen8l@amazonaws.com	Male	113.212.46.147
311	Ellswerth	Radclyffe	eradclyffe8m@webeden.co.uk	Male	171.217.172.37
312	Barry	Assad	bassad8n@histats.com	Female	51.224.86.1
313	Charmine	Farncomb	cfarncomb8o@printfriendly.com	Genderfluid	234.44.240.16
314	Brnaby	McWhannel	bmcwhannel8p@sbwire.com	Male	227.117.155.39
315	Joshuah	Ciciari	jciciari8q@vk.com	Male	62.27.23.83
316	Tull	Gamon	tgamon8r@vk.com	Male	179.111.97.19
317	Christal	Chesswas	cchesswas8s@prweb.com	Female	238.251.164.227
318	Conni	Chominski	cchominski8t@ftc.gov	Female	231.115.189.25
319	Isa	Divers	idivers8u@sphinn.com	Female	158.58.8.179
320	Adoree	Stallwood	astallwood8v@blogspot.com	Female	213.138.208.236
321	Morgun	Hirtz	mhirtz8w@dell.com	Male	17.247.220.201
322	Ugo	Filippov	ufilippov8x@bloomberg.com	Male	219.255.200.128
323	Odo	Giddy	ogiddy8y@mtv.com	Male	32.152.182.214
324	Abrahan	Luckes	aluckes8z@g.co	Male	2.206.42.198
325	Petronia	Brodeau	pbrodeau90@imdb.com	Female	54.120.214.203
326	Tiffi	Baxill	tbaxill91@loc.gov	Female	15.31.40.11
327	Chere	Lambotin	clambotin92@utexas.edu	Polygender	27.163.152.206
328	Loydie	Kareman	lkareman93@plala.or.jp	Male	202.89.114.114
329	Lanie	Worsfold	lworsfold94@google.com	Male	109.2.149.0
330	Dierdre	Muckersie	dmuckersie95@berkeley.edu	Female	129.125.146.134
331	Yard	Toler	ytoler96@bbb.org	Male	145.156.216.250
332	Husein	MacDearmaid	hmacdearmaid97@sbwire.com	Male	107.52.17.251
333	Nesta	Derkes	nderkes98@dmoz.org	Female	59.126.107.56
334	Kellie	Mees	kmees99@earthlink.net	Female	48.180.62.34
335	Diena	Longhirst	dlonghirst9a@yelp.com	Female	167.78.107.106
336	Clerc	Richarz	cricharz9b@who.int	Male	181.117.27.127
337	Floris	Reicherz	freicherz9c@hud.gov	Female	129.164.244.180
338	George	Mills	gmills9d@shinystat.com	Female	145.72.222.39
339	Marjy	Dartnall	mdartnall9e@last.fm	Female	175.246.214.95
340	Gannie	Valenta	gvalenta9f@4shared.com	Male	206.190.133.19
341	Feodora	Greguol	fgreguol9g@ucla.edu	Female	83.73.221.254
342	Freida	Chamberlin	fchamberlin9h@foxnews.com	Genderfluid	88.4.52.97
343	Winfred	Getten	wgetten9i@paginegialle.it	Male	199.31.184.75
344	Kasey	Sheppey	ksheppey9j@dell.com	Female	108.99.150.146
345	Vitia	Wakeham	vwakeham9k@dell.com	Female	96.59.35.104
346	Poppy	Nickols	pnickols9l@arizona.edu	Female	186.69.90.106
347	Jenn	McKendo	jmckendo9m@jimdo.com	Female	60.58.245.100
348	Amble	Speerman	aspeerman9n@ftc.gov	Male	132.154.27.64
349	Philbert	Durgan	pdurgan9o@taobao.com	Male	171.188.251.188
350	Tanhya	Curphey	tcurphey9p@auda.org.au	Female	218.218.126.118
351	Terrill	Hempel	thempel9q@newyorker.com	Male	35.243.194.20
352	Zelma	Rennebeck	zrennebeck9r@bing.com	Agender	160.250.183.135
353	Guillermo	Plackstone	gplackstone9s@jalbum.net	Male	36.27.216.236
354	Tamara	Stapley	tstapley9t@vk.com	Female	144.143.12.151
355	Rutter	Andrew	randrew9u@networksolutions.com	Male	72.52.19.11
356	Nehemiah	Pincked	npincked9v@nih.gov	Male	11.250.161.218
357	Hal	Conquest	hconquest9w@msn.com	Male	129.150.204.99
358	Gaelan	Ivasyushkin	givasyushkin9x@hp.com	Male	198.157.185.209
359	Kellby	Ogborn	kogborn9y@webnode.com	Male	182.52.230.189
360	Alvinia	Kliment	akliment9z@biblegateway.com	Agender	68.148.21.124
361	Linnet	Yakovlev	lyakovleva0@amazon.com	Female	191.81.72.23
362	Cherie	Cartmael	ccartmaela1@bravesites.com	Female	116.235.183.179
363	Alic	Mitkov	amitkova2@wunderground.com	Male	250.208.141.237
364	Mathilde	Hampshire	mhampshirea3@walmart.com	Female	153.163.239.102
365	Lianna	Cummine	lcumminea4@buzzfeed.com	Female	87.110.19.131
366	Emylee	Jollye	ejollyea5@wisc.edu	Female	204.251.98.60
367	Maurita	Ramas	mramasa6@zdnet.com	Female	133.250.98.137
368	Gaultiero	Sings	gsingsa7@blog.com	Male	3.213.102.47
369	Glenine	Foy	gfoya8@lycos.com	Female	204.22.21.1
370	Ingeborg	Bauser	ibausera9@fc2.com	Female	203.248.153.155
371	Jaime	Braxay	jbraxayaa@ning.com	Female	131.216.234.53
372	Cathee	Chater	cchaterab@a8.net	Female	112.159.204.116
373	Andras	Hillum	ahillumac@arstechnica.com	Bigender	200.52.20.100
374	Susana	Pridden	spriddenad@stumbleupon.com	Female	15.153.183.212
375	Desmond	Stubbs	dstubbsae@hexun.com	Male	206.134.36.94
376	Flint	De Normanville	fdenormanvilleaf@slideshare.net	Male	11.249.125.98
377	Krispin	Gowler	kgowlerag@theglobeandmail.com	Male	22.20.148.195
378	Sherwin	Lewerenz	slewerenzah@xrea.com	Male	233.91.50.115
379	Conant	Comport	ccomportai@dell.com	Male	6.209.126.25
380	Ingeberg	Kennefick	ikennefickaj@shinystat.com	Female	150.242.192.252
381	Brinn	Cosin	bcosinak@vistaprint.com	Female	94.13.80.31
382	Ravid	Streak	rstreakal@squidoo.com	Male	186.141.182.47
383	Shell	Janacek	sjanacekam@yellowpages.com	Female	159.41.120.248
384	Brion	Phillput	bphillputan@apache.org	Male	77.50.55.45
385	Bat	Hallgarth	bhallgarthao@chron.com	Male	151.88.104.57
386	Reinhard	Laidlow	rlaidlowap@pagesperso-orange.fr	Male	148.126.5.34
387	Far	Bowerman	fbowermanaq@prnewswire.com	Male	85.53.44.19
388	Tait	Davidsson	tdavidssonar@etsy.com	Male	174.60.74.158
389	Norton	Najera	nnajeraas@godaddy.com	Male	10.48.188.176
390	Mayer	Yardley	myardleyat@weebly.com	Male	230.176.114.216
391	Jonis	Miall	jmiallau@admin.ch	Female	226.184.172.54
392	Gerri	Deem	gdeemav@lycos.com	Female	143.148.145.121
393	Odette	Le Noury	olenouryaw@shinystat.com	Female	147.75.9.201
394	Maryjane	Leisman	mleismanax@prweb.com	Female	105.36.146.104
395	Nixie	Alforde	nalfordeay@oracle.com	Female	254.145.79.115
396	Ethyl	Pardey	epardeyaz@constantcontact.com	Female	164.64.193.204
397	Lief	Klampt	lklamptb0@google.ca	Male	17.80.74.112
398	Claude	Millichap	cmillichapb1@sun.com	Female	221.100.244.219
399	Elfie	Testo	etestob2@nifty.com	Female	119.88.86.235
400	Lexie	Rabson	lrabsonb3@theatlantic.com	Genderfluid	134.176.22.116
401	Maureen	Ivison	mivisonb4@ed.gov	Female	170.10.195.74
402	Gregorius	Melburg	gmelburgb5@liveinternet.ru	Male	190.254.244.17
403	Early	Coldtart	ecoldtartb6@admin.ch	Male	233.179.243.30
404	Sybil	Saxelby	ssaxelbyb7@scribd.com	Female	95.36.134.128
405	Giacomo	Fearick	gfearickb8@washington.edu	Male	246.31.93.152
406	Montague	Slad	msladb9@mayoclinic.com	Male	20.37.97.31
407	Hermine	Mackilpatrick	hmackilpatrickba@nyu.edu	Female	224.25.7.133
408	Josselyn	Kippie	jkippiebb@about.me	Bigender	142.157.187.28
409	Tonnie	Mayhead	tmayheadbc@clickbank.net	Male	153.57.126.130
410	Leda	Roncelli	lroncellibd@sbwire.com	Female	190.168.21.22
411	Ginni	Coveley	gcoveleybe@google.co.uk	Female	159.79.251.198
412	Markus	Ryle	mrylebf@eepurl.com	Male	217.222.253.61
413	Rochella	Goodee	rgoodeebg@hubpages.com	Female	201.95.88.162
414	Shalom	Palfreman	spalfremanbh@clickbank.net	Polygender	241.35.9.155
415	Joey	Hawken	jhawkenbi@buzzfeed.com	Female	79.135.95.100
416	Georgianna	Bignall	gbignallbj@t-online.de	Female	192.88.242.218
417	Jorry	Akid	jakidbk@chron.com	Female	62.38.128.72
418	Gail	Orrell	gorrellbl@eventbrite.com	Female	227.103.198.102
419	Haily	Eakin	heakinbm@exblog.jp	Female	17.0.18.70
420	Tom	Adamiec	tadamiecbn@bloglines.com	Male	255.21.227.181
421	Boote	Tupper	btupperbo@creativecommons.org	Male	154.58.90.220
422	Darryl	Gleadhall	dgleadhallbp@theatlantic.com	Male	23.154.2.232
423	Elvira	Duxfield	eduxfieldbq@feedburner.com	Female	248.129.61.118
424	Bianka	Ruddock	bruddockbr@domainmarket.com	Female	101.58.65.240
425	Brandyn	McIlrath	bmcilrathbs@opera.com	Male	134.51.49.226
426	Decca	Martinelli	dmartinellibt@google.co.jp	Male	15.166.80.146
427	Tobie	Matyushkin	tmatyushkinbu@nhs.uk	Male	0.130.121.73
428	Therese	Baxter	tbaxterbv@networksolutions.com	Female	151.132.234.35
429	Dulcine	Butterfill	dbutterfillbw@ft.com	Non-binary	224.171.124.214
430	Robbi	Bowering	rboweringbx@newsvine.com	Female	201.69.146.220
431	Emmalyn	Gyppes	egyppesby@chicagotribune.com	Female	64.169.202.96
432	Morrie	Millichip	mmillichipbz@wikia.com	Male	24.149.70.56
433	Wald	Crim	wcrimc0@foxnews.com	Non-binary	149.158.61.186
434	Giustino	Inworth	ginworthc1@berkeley.edu	Male	150.23.181.67
435	Tabbatha	Gotter	tgotterc2@t.co	Female	32.163.248.249
436	Neddy	Hupka	nhupkac3@biblegateway.com	Male	184.136.96.232
437	Torrie	Thirlaway	tthirlawayc4@abc.net.au	Female	66.144.47.167
438	Kellen	Roskeilly	kroskeillyc5@4shared.com	Female	140.149.211.89
439	Harcourt	Needham	hneedhamc6@deviantart.com	Male	37.251.59.167
440	Tadio	Cashford	tcashfordc7@eepurl.com	Male	211.28.92.60
441	Si	Judd	sjuddc8@timesonline.co.uk	Male	239.12.30.195
442	Kerrill	Pedrazzi	kpedrazzic9@statcounter.com	Female	161.89.140.152
443	Cele	Collens	ccollensca@topsy.com	Female	253.189.171.72
444	Bax	Pidgley	bpidgleycb@marriott.com	Male	69.44.239.181
445	Haskel	Giorgi	hgiorgicc@sohu.com	Male	225.238.82.255
446	Leela	Kliesl	lklieslcd@networkadvertising.org	Non-binary	167.234.255.12
447	Mayor	Nairn	mnairnce@scribd.com	Male	154.148.117.213
448	Shannen	Dutch	sdutchcf@1688.com	Female	3.37.65.102
449	Foss	Crennell	fcrennellcg@google.de	Male	237.25.4.127
450	Donavon	Scothern	dscothernch@stumbleupon.com	Genderqueer	170.59.97.11
451	Georgianne	Madeley	gmadeleyci@slideshare.net	Female	41.1.248.214
452	Dionisio	Kubyszek	dkubyszekcj@house.gov	Male	242.127.22.146
453	Josie	Garm	jgarmck@etsy.com	Female	114.205.150.16
454	Cristiano	Dymond	cdymondcl@usnews.com	Male	37.142.151.70
455	Pauly	Duligal	pduligalcm@webnode.com	Female	153.67.246.224
456	Florencia	Eldred	feldredcn@utexas.edu	Female	66.22.126.235
457	Sebastiano	Goldin	sgoldinco@theglobeandmail.com	Bigender	34.123.180.19
458	Rozanna	Brik	rbrikcp@vimeo.com	Female	101.143.11.122
459	Theodora	McGilben	tmcgilbencq@state.gov	Female	165.33.215.132
460	Chucho	Rammell	crammellcr@google.de	Male	175.75.38.56
461	Celeste	Lindholm	clindholmcs@webmd.com	Female	173.112.87.209
462	Rodger	Debrick	rdebrickct@people.com.cn	Genderfluid	122.227.80.113
463	Horatia	Fellgate	hfellgatecu@ucoz.ru	Non-binary	41.68.108.1
464	Hamid	Willson	hwillsoncv@soup.io	Male	10.54.62.145
465	Walsh	Cutler	wcutlercw@elegantthemes.com	Male	152.143.41.254
466	Earvin	Grief	egriefcx@npr.org	Male	100.192.42.140
467	Jo ann	Dumphry	jdumphrycy@unc.edu	Female	15.249.22.95
468	Bondy	Grover	bgrovercz@freewebs.com	Male	55.216.251.55
469	Catriona	Vlasin	cvlasind0@webeden.co.uk	Female	192.99.203.55
470	Sol	Wollen	swollend1@example.com	Male	241.35.146.178
471	Timmi	Minichi	tminichid2@tinyurl.com	Polygender	147.87.119.234
472	Rustin	Cullingford	rcullingfordd3@twitpic.com	Male	12.90.235.84
473	Eugenio	Manclark	emanclarkd4@vinaora.com	Male	55.67.150.101
474	Florina	MacGillreich	fmacgillreichd5@weebly.com	Female	152.50.217.77
475	Fania	Brendeke	fbrendeked6@youtube.com	Female	208.129.29.160
476	Gonzales	Ahmad	gahmadd7@wunderground.com	Male	172.171.239.88
477	Karlan	Boyford	kboyfordd8@hexun.com	Male	33.155.94.139
478	Carmelita	Felten	cfeltend9@friendfeed.com	Non-binary	10.235.238.124
479	Anett	Belford	abelfordda@ezinearticles.com	Female	16.112.213.135
480	Giraldo	Feldstern	gfeldsterndb@macromedia.com	Male	137.85.42.238
481	Livvyy	Fost	lfostdc@so-net.ne.jp	Genderfluid	231.122.72.171
482	Zilvia	Maffezzoli	zmaffezzolidd@last.fm	Female	238.251.250.191
483	Kristoforo	Pincott	kpincottde@free.fr	Male	32.106.206.85
484	Patton	Lutas	plutasdf@photobucket.com	Male	227.146.35.164
485	Rhody	Grassett	rgrassettdg@japanpost.jp	Female	14.100.175.17
486	Nevile	Meindl	nmeindldh@usatoday.com	Male	156.89.124.225
487	Neill	Garron	ngarrondi@craigslist.org	Male	157.193.64.178
488	Balduin	Gingel	bgingeldj@multiply.com	Male	124.188.86.165
489	Bernhard	Jencken	bjenckendk@cdbaby.com	Male	87.182.121.142
490	Sibylle	Crop	scropdl@xrea.com	Female	104.121.10.7
491	Krishnah	Iacovaccio	kiacovacciodm@cnet.com	Male	85.219.26.100
492	Gualterio	Bestar	gbestardn@cafepress.com	Male	74.72.62.208
493	Aldridge	Mioni	amionido@boston.com	Male	218.243.90.167
494	Sal	Tabner	stabnerdp@state.gov	Male	237.158.188.248
495	Berri	Davidsson	bdavidssondq@harvard.edu	Female	92.189.185.179
496	Currey	Ruller	crullerdr@dot.gov	Male	67.204.206.164
497	Adi	Stoute	astouteds@google.nl	Female	217.132.70.222
498	Celestina	Melendez	cmelendezdt@pinterest.com	Female	120.159.187.216
499	Benni	Symon	bsymondu@hud.gov	Female	191.70.146.242
500	Ulick	Garrud	ugarruddv@dmoz.org	Male	181.184.99.123
501	Stafford	Sneesby	ssneesbydw@hatena.ne.jp	Male	253.188.226.157
502	Georgeanne	Camamill	gcamamilldx@miitbeian.gov.cn	Female	217.243.95.26
503	Marlyn	Stollsteimer	mstollsteimerdy@google.co.jp	Female	13.20.248.71
504	Berenice	Benthall	bbenthalldz@cmu.edu	Female	56.68.185.108
505	Carmencita	Bumphries	cbumphriese0@typepad.com	Female	206.0.172.62
506	Taddeo	Romeuf	tromeufe1@mozilla.com	Genderfluid	70.2.30.157
507	Sonny	Rollingson	srollingsone2@cbslocal.com	Male	215.161.199.190
508	Hali	Polleye	hpolleyee3@wunderground.com	Female	5.195.21.56
509	Melanie	McPeake	mmcpeakee4@amazon.co.uk	Female	6.107.167.198
510	Erastus	Silverthorn	esilverthorne5@google.de	Male	2.13.11.157
511	Ash	Aleksandrev	aaleksandreve6@rediff.com	Male	109.17.172.167
512	Gennifer	Moutray Read	gmoutrayreade7@hexun.com	Female	147.90.83.176
513	Kalinda	Schettini	kschettinie8@netlog.com	Female	101.235.199.251
514	Brandy	Bothie	bbothiee9@smugmug.com	Female	219.140.241.69
515	Franchot	Lerwell	flerwellea@google.es	Male	129.203.200.117
516	Karole	Grolmann	kgrolmanneb@ameblo.jp	Bigender	138.134.56.190
517	Giacobo	Gawkroge	ggawkrogeec@discuz.net	Male	92.194.114.153
518	Tuesday	McKevin	tmckevined@gizmodo.com	Female	228.227.190.3
519	Stearne	Brunon	sbrunonee@ibm.com	Male	13.93.135.3
520	Daphene	Fishpond	dfishpondef@wikipedia.org	Female	0.160.103.171
521	Leland	Hegel	lhegeleg@youtube.com	Female	105.86.223.185
522	Siusan	Mycock	smycockeh@github.io	Non-binary	117.113.19.162
523	Arnoldo	Francecione	afrancecioneei@hugedomains.com	Male	62.235.124.115
524	Ezekiel	Steketee	esteketeeej@icio.us	Male	245.143.60.182
525	Bernette	Gerlts	bgerltsek@about.me	Female	107.145.78.10
526	Lucine	Roseblade	lrosebladeel@wikipedia.org	Female	43.106.112.111
527	Lorianna	Dahlbom	ldahlbomem@infoseek.co.jp	Female	9.232.122.112
528	Berry	MacFarlan	bmacfarlanen@google.pl	Female	49.143.235.123
529	Ralph	Rames	rrameseo@bloglines.com	Male	181.251.34.166
530	Genevieve	Mallion	gmallionep@china.com.cn	Female	35.94.167.218
531	Iago	Maud	imaudeq@ifeng.com	Male	253.31.118.167
532	Bale	Childes	bchildeser@elpais.com	Male	125.3.222.185
533	Reynold	Donaghy	rdonaghyes@angelfire.com	Male	247.171.194.135
534	Audie	O'Mailey	aomaileyet@hhs.gov	Female	156.57.124.179
535	Phyllis	Shayes	pshayeseu@wiley.com	Female	140.253.67.137
536	Rica	Maffioletti	rmaffiolettiev@delicious.com	Female	135.153.250.151
537	Hilton	Hartrick	hhartrickew@cnn.com	Male	40.101.8.24
538	Gardiner	Slyde	gslydeex@canalblog.com	Polygender	121.254.34.116
539	Ralph	Smillie	rsmillieey@army.mil	Male	164.205.0.101
540	Denice	Linham	dlinhamez@phpbb.com	Female	44.75.219.71
541	Eldredge	Stoakes	estoakesf0@reverbnation.com	Male	164.37.133.106
542	Arthur	Willgoose	awillgoosef1@admin.ch	Male	109.104.201.146
543	Roddy	Lum	rlumf2@webs.com	Male	11.203.231.15
544	Andriana	Westrey	awestreyf3@amazon.com	Female	212.167.221.117
545	Raven	Denyukin	rdenyukinf4@narod.ru	Female	242.234.100.167
546	Gabriella	Gimbrett	ggimbrettf5@arizona.edu	Female	140.152.226.19
547	Bernadina	Gerrill	bgerrillf6@dion.ne.jp	Female	233.176.47.101
548	Marley	Feetham	mfeethamf7@noaa.gov	Female	81.167.65.212
549	Joaquin	Harmon	jharmonf8@guardian.co.uk	Male	116.234.105.230
550	Meyer	Charpling	mcharplingf9@issuu.com	Non-binary	92.212.48.52
551	Eli	Bartoloma	ebartolomafa@t-online.de	Male	68.188.32.167
552	Saudra	Beausang	sbeausangfb@patch.com	Female	165.89.236.249
553	Vanya	Leachman	vleachmanfc@tuttocitta.it	Male	106.241.213.124
554	Wayne	Eustes	weustesfd@washingtonpost.com	Male	220.57.162.113
555	Hobart	Bellard	hbellardfe@usgs.gov	Male	113.253.40.27
556	Cristie	Elger	celgerff@harvard.edu	Female	220.4.121.130
557	Mirelle	Jailler	mjaillerfg@mlb.com	Female	58.0.226.111
558	Doris	Mouncher	dmouncherfh@accuweather.com	Bigender	157.85.141.218
559	Dorotea	Dargavel	ddargavelfi@odnoklassniki.ru	Female	122.247.60.137
560	Polly	Chrippes	pchrippesfj@gov.uk	Female	15.3.115.199
561	Albert	Jurgensen	ajurgensenfk@163.com	Male	200.108.234.36
562	Fabio	Valentetti	fvalentettifl@comcast.net	Male	74.214.137.230
563	Amble	Belliss	abellissfm@furl.net	Male	182.7.47.81
564	Lutero	Querree	lquerreefn@bravesites.com	Male	173.152.3.56
565	Lissy	Tamlett	ltamlettfo@statcounter.com	Polygender	208.49.176.5
566	Mona	Dumelow	mdumelowfp@thetimes.co.uk	Female	252.46.214.136
567	Courtnay	Delouch	cdelouchfq@amazon.co.uk	Male	201.28.220.170
568	Gaby	Keeble	gkeeblefr@bing.com	Female	150.132.136.22
569	Christoforo	Goolding	cgooldingfs@soundcloud.com	Male	42.123.204.254
570	Nomi	Bengtsen	nbengtsenft@ibm.com	Female	137.123.33.7
571	Ludwig	Waddie	lwaddiefu@cnn.com	Non-binary	160.207.99.100
572	Alberto	Mannin	amanninfv@hubpages.com	Male	103.210.199.143
573	Nappie	Dudmesh	ndudmeshfw@bizjournals.com	Male	164.52.253.248
574	Sandro	Eggerton	seggertonfx@miitbeian.gov.cn	Agender	134.245.126.200
575	Rey	Cunniffe	rcunniffefy@businesswire.com	Female	13.130.190.58
576	Cass	Lardeux	clardeuxfz@unicef.org	Female	220.70.238.189
577	Dame	De Gogay	ddegogayg0@angelfire.com	Male	10.197.215.91
578	Carmelita	Cobello	ccobellog1@mail.ru	Female	100.28.57.250
579	Brigit	Prinnett	bprinnettg2@aboutads.info	Female	23.222.194.29
580	Corinna	Kean	ckeang3@yahoo.co.jp	Polygender	161.83.215.82
581	Amitie	Klaassens	aklaassensg4@webs.com	Female	252.252.53.194
582	Lusa	Birtles	lbirtlesg5@webs.com	Female	198.246.175.238
583	Avram	Joubert	ajoubertg6@buzzfeed.com	Bigender	170.167.174.84
584	Jaimie	Vokes	jvokesg7@purevolume.com	Male	181.138.41.97
585	Hannah	Gudgion	hgudgiong8@google.de	Female	175.229.25.22
586	Alexine	Motion	amotiong9@constantcontact.com	Female	25.190.51.48
587	Tiffi	Doerren	tdoerrenga@paypal.com	Female	162.220.86.122
588	Bernelle	Driscoll	bdriscollgb@linkedin.com	Female	183.242.124.194
589	Tyrone	Kalinke	tkalinkegc@bloglines.com	Male	24.232.92.18
590	Marilee	Ubsdall	mubsdallgd@youku.com	Female	146.187.137.85
591	Mead	O'Connolly	moconnollyge@51.la	Female	207.51.17.1
592	Teador	Gandy	tgandygf@skype.com	Male	192.85.248.104
593	Rosie	Simkovich	rsimkovichgg@phpbb.com	Female	34.126.79.17
594	Loretta	MacWhan	lmacwhangh@newyorker.com	Female	174.157.78.170
595	Miller	Matteoli	mmatteoligi@irs.gov	Male	68.131.233.191
596	Reamonn	Maudsley	rmaudsleygj@friendfeed.com	Male	215.236.139.96
597	Wolfie	Dancy	wdancygk@cyberchimps.com	Male	72.118.13.190
598	Ty	Tsarovic	ttsarovicgl@rakuten.co.jp	Male	204.81.66.93
599	Mimi	Swinney	mswinneygm@elpais.com	Female	146.151.218.116
600	Hayden	Corringham	hcorringhamgn@deliciousdays.com	Male	84.53.5.198
601	Delcina	Haldon	dhaldongo@discuz.net	Female	237.119.96.25
602	Gerik	Bucke	gbuckegp@opensource.org	Non-binary	234.83.122.91
603	Debra	Sands	dsandsgq@is.gd	Female	188.212.220.65
604	Rudolfo	Caulcutt	rcaulcuttgr@bizjournals.com	Male	251.99.79.15
605	Fred	Lias	fliasgs@ezinearticles.com	Male	23.53.94.132
606	Lauren	Terris	lterrisgt@edublogs.org	Female	234.204.222.102
607	Whittaker	MacSwayde	wmacswaydegu@bloglines.com	Male	194.234.113.15
608	Britte	Donlon	bdonlongv@pcworld.com	Female	219.115.78.241
609	Errol	Firebrace	efirebracegw@amazonaws.com	Male	67.19.49.199
610	Delainey	Rudkin	drudkingx@i2i.jp	Male	222.176.191.198
611	Pearline	Haythornthwaite	phaythornthwaitegy@surveymonkey.com	Bigender	214.106.120.239
612	Georgine	Burman	gburmangz@fastcompany.com	Female	222.134.224.6
613	Clyde	Dawtre	cdawtreh0@cargocollective.com	Male	2.51.15.71
614	Thomasine	Ioselev	tioselevh1@ehow.com	Non-binary	155.237.187.186
615	Milissent	Vanyarkin	mvanyarkinh2@sun.com	Female	171.160.77.197
616	Kenn	Ormesher	kormesherh3@soundcloud.com	Male	15.98.126.58
617	Pen	Huthart	phutharth4@psu.edu	Female	38.176.88.106
618	Reggie	Cocker	rcockerh5@arizona.edu	Male	160.210.147.167
619	Dilly	Carpe	dcarpeh6@buzzfeed.com	Male	250.200.150.131
620	Chucho	Davitti	cdavittih7@ezinearticles.com	Male	200.159.10.92
621	Joel	Jurges	jjurgesh8@yellowbook.com	Bigender	123.220.96.193
622	Tobey	Lambswood	tlambswoodh9@ustream.tv	Female	176.1.189.202
623	Rad	Janousek	rjanousekha@mysql.com	Male	116.39.193.45
624	Val	Hattiff	vhattiffhb@4shared.com	Female	60.193.5.186
625	Calv	Bunny	cbunnyhc@oaic.gov.au	Male	145.177.10.121
626	Camala	Domerque	cdomerquehd@sourceforge.net	Female	123.229.141.227
627	Rob	Henzley	rhenzleyhe@artisteer.com	Male	110.74.9.34
628	Van	Thorpe	vthorpehf@adobe.com	Female	94.44.72.1
629	Powell	Miners	pminershg@utexas.edu	Male	32.167.163.61
630	Calvin	Sizzey	csizzeyhh@smh.com.au	Male	62.24.248.66
631	Rossy	Rimer	rrimerhi@ucsd.edu	Male	54.34.182.164
632	Cornelia	Dimbleby	cdimblebyhj@ning.com	Bigender	240.209.12.165
633	Kimbra	Andrioni	kandrionihk@gizmodo.com	Female	207.133.188.107
634	Gard	Geockle	ggeocklehl@intel.com	Male	52.11.143.34
635	Cooper	Hexter	chexterhm@berkeley.edu	Male	104.199.203.214
636	Shanan	Banat	sbanathn@linkedin.com	Male	93.88.23.239
637	Adina	Snoxell	asnoxellho@ocn.ne.jp	Female	27.71.182.211
638	Kerwinn	Vannikov	kvannikovhp@yale.edu	Bigender	132.218.88.64
639	Kaylyn	Wardley	kwardleyhq@tripod.com	Female	43.204.47.199
640	Francene	Serle	fserlehr@typepad.com	Female	172.62.124.92
641	Lanny	Gallant	lgallanths@squidoo.com	Male	6.22.51.208
642	Belle	Gahagan	bgahaganht@cargocollective.com	Female	111.89.29.1
643	Valry	Puddan	vpuddanhu@spiegel.de	Female	37.251.84.162
644	Levin	Jeffery	ljefferyhv@bandcamp.com	Male	0.255.85.202
645	Bell	Bonnett	bbonnetthw@cnn.com	Female	9.161.179.35
646	Lizette	Shillom	lshillomhx@printfriendly.com	Bigender	34.184.203.38
647	Leonhard	Fucher	lfucherhy@vistaprint.com	Male	202.51.37.148
648	Ingmar	Pikesley	ipikesleyhz@themeforest.net	Male	73.81.39.252
649	Dani	Deppe	ddeppei0@eventbrite.com	Male	104.48.23.214
650	Deloris	Cescot	dcescoti1@topsy.com	Female	184.83.144.232
651	Tabbie	Vidineev	tvidineevi2@mozilla.com	Male	31.131.71.83
652	Richart	Larratt	rlarratti3@ycombinator.com	Male	157.75.122.173
653	Margi	Lemerie	mlemeriei4@economist.com	Female	177.170.15.122
654	Marcela	Houchin	mhouchini5@people.com.cn	Female	244.222.147.199
655	Adrian	Cawkill	acawkilli6@phpbb.com	Female	255.41.190.120
656	Tab	Hayer	thayeri7@yelp.com	Male	216.28.218.11
657	Constantine	Glendzer	cglendzeri8@360.cn	Male	189.153.80.44
658	Egbert	Gratrex	egratrexi9@japanpost.jp	Male	56.170.251.105
659	Flem	Eckels	feckelsia@yahoo.com	Male	196.247.153.123
660	Lanie	Andreopolos	landreopolosib@so-net.ne.jp	Male	2.125.188.210
661	Mickie	Lisle	mlisleic@csmonitor.com	Male	226.183.204.50
662	Libbi	Yven	lyvenid@amazon.co.jp	Genderqueer	233.160.172.156
663	Alessandra	Stanlock	astanlockie@amazon.de	Female	57.45.85.240
664	Marin	Farreil	mfarreilif@amazon.co.jp	Female	95.17.123.118
665	Keriann	Bennoe	kbennoeig@about.com	Female	139.17.136.185
666	Brock	Prangnell	bprangnellih@stanford.edu	Male	185.124.245.209
667	Jeffie	Daltrey	jdaltreyii@usatoday.com	Agender	175.64.218.143
668	Jere	Danks	jdanksij@desdev.cn	Female	113.26.30.6
669	Fran	Lynd	flyndik@seattletimes.com	Male	119.8.84.19
670	Charin	Dracksford	cdracksfordil@fotki.com	Female	42.217.51.57
671	Mart	Rabat	mrabatim@hao123.com	Male	237.167.127.253
672	Borden	Tattershall	btattershallin@google.co.jp	Male	44.87.240.243
673	Wendel	Cankett	wcankettio@spiegel.de	Male	170.112.237.37
674	Wakefield	Graine	wgraineip@fda.gov	Male	100.35.214.83
675	Tynan	Wyllcocks	twyllcocksiq@nydailynews.com	Male	3.239.81.221
676	Bernetta	Boik	bboikir@mashable.com	Female	18.223.18.103
677	Frans	Bastock	fbastockis@wix.com	Male	244.3.50.88
678	Tanya	Seery	tseeryit@skype.com	Female	4.38.220.240
679	Troy	Van Arsdale	tvanarsdaleiu@technorati.com	Male	53.150.142.36
680	Nelia	MacGilmartin	nmacgilmartiniv@wordpress.org	Female	9.25.255.20
681	Raymond	Eburne	reburneiw@scientificamerican.com	Male	76.153.63.252
682	Becka	Hawthorne	bhawthorneix@wordpress.com	Female	172.119.24.103
683	Janeta	Mawdsley	jmawdsleyiy@ask.com	Female	53.150.173.44
684	Whitaker	Ashborne	washborneiz@hostgator.com	Male	51.53.4.50
685	Frayda	Tuohy	ftuohyj0@slate.com	Female	126.200.248.11
686	Corny	Bubear	cbubearj1@fda.gov	Female	103.227.143.163
687	Griffin	Fortie	gfortiej2@msu.edu	Male	67.44.201.198
688	Ferdy	MacCarter	fmaccarterj3@lycos.com	Male	76.150.95.78
689	Keven	Garfield	kgarfieldj4@blogspot.com	Male	116.149.247.175
690	Hermon	Goudie	hgoudiej5@behance.net	Male	209.238.183.29
691	Matelda	Springett	mspringettj6@ameblo.jp	Female	165.167.148.110
692	Even	Worrill	eworrillj7@discovery.com	Male	172.247.27.18
693	Clemmie	Hendron	chendronj8@joomla.org	Genderqueer	172.174.52.249
694	Irv	Grassett	igrassettj9@ed.gov	Male	28.65.46.142
695	Winne	Beden	wbedenja@xinhuanet.com	Female	119.245.94.188
696	Becki	Shaughnessy	bshaughnessyjb@netlog.com	Bigender	229.200.191.189
697	Maiga	Shapero	mshaperojc@sitemeter.com	Female	199.17.253.161
698	Ashla	Haynes	ahaynesjd@geocities.com	Female	228.53.201.134
699	Sidney	Itzak	sitzakje@feedburner.com	Male	243.147.32.101
700	Kippar	Dougan	kdouganjf@nymag.com	Male	202.180.24.105
701	Padriac	Broggio	pbroggiojg@dot.gov	Male	78.51.66.52
702	Austina	Cuningham	acuninghamjh@bloglines.com	Genderfluid	120.155.171.145
703	Ari	Szreter	aszreterji@guardian.co.uk	Male	160.10.181.33
704	Roselia	Lingard	rlingardjj@hao123.com	Female	122.77.218.130
705	Cart	Askwith	caskwithjk@fastcompany.com	Male	122.253.38.97
706	Verney	Weiss	vweissjl@plala.or.jp	Male	3.183.33.119
707	Scotti	Castelletto	scastellettojm@hatena.ne.jp	Male	36.54.84.42
708	Brinn	Malin	bmalinjn@digg.com	Female	99.164.105.103
709	Garrot	Waulker	gwaulkerjo@digg.com	Male	48.119.2.25
710	Kingsly	Stidworthy	kstidworthyjp@cornell.edu	Male	255.241.192.150
711	Valle	Wainer	vwainerjq@seattletimes.com	Male	54.81.60.159
712	Harold	Bysh	hbyshjr@usnews.com	Male	139.225.61.158
713	Ruddy	Quilty	rquiltyjs@miibeian.gov.cn	Male	197.133.213.70
714	Curt	De Domenico	cdedomenicojt@geocities.com	Non-binary	98.5.208.185
715	Dannye	Cleatherow	dcleatherowju@google.com.au	Female	176.87.24.201
716	Shirleen	Studders	sstuddersjv@usnews.com	Female	40.181.63.104
717	Brandea	Berard	bberardjw@comcast.net	Female	180.104.167.154
718	Germain	Paintain	gpaintainjx@so-net.ne.jp	Female	22.28.66.30
719	Carmela	Tewelson	ctewelsonjy@baidu.com	Female	207.74.179.244
720	Launce	Creus	lcreusjz@va.gov	Male	229.116.226.46
721	Cassondra	O'Bruen	cobruenk0@nymag.com	Female	248.113.101.125
722	Myrvyn	Munkley	mmunkleyk1@google.com	Male	202.243.169.14
723	Britte	Doumic	bdoumick2@ehow.com	Female	98.99.197.3
724	Arabella	Panter	apanterk3@phoca.cz	Female	198.187.24.155
725	Traci	Leither	tleitherk4@nbcnews.com	Female	166.213.42.96
726	Salim	Trainer	strainerk5@ibm.com	Male	8.233.38.176
727	Vance	Lygo	vlygok6@webmd.com	Male	172.120.27.99
728	Harcourt	Hurch	hhurchk7@csmonitor.com	Male	95.72.102.73
729	Eliza	Dunniom	edunniomk8@oracle.com	Female	250.243.226.171
730	Cassondra	Wheatcroft	cwheatcroftk9@virginia.edu	Female	16.56.186.160
731	Langsdon	Coltart	lcoltartka@mapquest.com	Male	215.235.246.244
732	Berry	Miranda	bmirandakb@imdb.com	Female	66.207.148.95
733	Hyman	Denidge	hdenidgekc@last.fm	Male	209.168.83.130
734	Hirsch	Ropp	hroppkd@miibeian.gov.cn	Genderfluid	217.221.92.98
735	Beck	Willavoys	bwillavoyske@slashdot.org	Male	139.202.7.77
736	Krishna	Enrico	kenricokf@nytimes.com	Male	122.149.5.242
737	Chadwick	Mayward	cmaywardkg@mtv.com	Male	168.141.124.192
738	Mala	Samwaye	msamwayekh@fema.gov	Polygender	55.45.188.19
739	Reidar	Ryott	rryottki@mapy.cz	Male	149.153.67.255
740	Bettye	Sprowson	bsprowsonkj@phpbb.com	Non-binary	44.168.233.45
741	Xymenes	Jelf	xjelfkk@icio.us	Genderqueer	116.63.97.32
742	Morna	Overell	moverellkl@independent.co.uk	Female	213.95.191.171
743	Izak	Currm	icurrmkm@irs.gov	Male	241.27.130.61
744	Dulciana	Gennerich	dgennerichkn@mail.ru	Female	130.52.22.143
745	Jamill	McMarquis	jmcmarquisko@ca.gov	Non-binary	16.90.121.138
746	Elenore	Grandisson	egrandissonkp@gnu.org	Female	46.129.185.70
747	Jacquie	Hasley	jhasleykq@businessinsider.com	Female	178.232.25.199
748	Dot	Rosson	drossonkr@example.com	Female	58.129.116.102
749	Berget	Leith	bleithks@un.org	Female	167.54.49.127
750	Benetta	Varlow	bvarlowkt@army.mil	Female	182.18.63.50
751	Hendrick	Reisenberg	hreisenbergku@blogger.com	Male	163.142.129.198
752	Samara	Earnshaw	searnshawkv@census.gov	Female	244.6.149.38
753	Aldus	Kleiner	akleinerkw@flavors.me	Male	190.195.119.178
754	Dorena	Wooldridge	dwooldridgekx@imageshack.us	Female	255.103.167.2
755	Monique	Sell	msellky@hp.com	Female	0.157.164.42
756	Tomi	Summerfield	tsummerfieldkz@prnewswire.com	Female	177.6.83.112
757	Thom	MacGinlay	tmacginlayl0@photobucket.com	Male	69.229.238.7
758	Haley	Fraanchyonok	hfraanchyonokl1@nsw.gov.au	Bigender	181.100.114.253
759	Shena	Chalke	schalkel2@nhs.uk	Female	164.171.134.82
760	Matilda	Makey	mmakeyl3@slate.com	Female	92.134.142.224
761	Hayes	Boydell	hboydelll4@meetup.com	Non-binary	148.44.62.65
762	Lee	Mendel	lmendell5@icq.com	Female	224.133.254.46
763	Mischa	Stonhewer	mstonhewerl6@studiopress.com	Male	62.130.239.20
764	Beauregard	Woolatt	bwoolattl7@hatena.ne.jp	Male	243.104.178.178
765	Fredek	Bree	fbreel8@gmpg.org	Male	139.12.29.91
766	Giselle	Lindenfeld	glindenfeldl9@amazonaws.com	Female	242.0.55.189
767	Marijo	Isakovitch	misakovitchla@cyberchimps.com	Female	79.55.212.182
768	Elbertina	Northley	enorthleylb@tinypic.com	Female	252.2.11.247
769	Emmanuel	Castanyer	ecastanyerlc@soundcloud.com	Male	38.109.144.245
770	Waldemar	O'Neill	woneillld@prweb.com	Male	21.68.203.189
771	Hirsch	Oxlee	hoxleele@youku.com	Male	49.236.253.177
772	Reinhard	Rasper	rrasperlf@infoseek.co.jp	Bigender	93.42.115.94
773	Blisse	Onslow	bonslowlg@google.com.br	Female	15.25.13.159
774	Chrissy	Bonellie	cbonellielh@fc2.com	Male	54.201.153.72
775	Quinn	Weildish	qweildishli@youtube.com	Male	61.38.193.4
776	Saunder	Ramble	sramblelj@desdev.cn	Male	235.119.210.13
777	Rahel	Pevie	rpevielk@scientificamerican.com	Female	184.162.244.113
778	Barbey	Mazzia	bmazziall@abc.net.au	Genderfluid	202.97.28.136
779	Jolene	Babb	jbabblm@nhs.uk	Polygender	222.130.222.179
780	Roxine	Edgley	redgleyln@cisco.com	Female	64.28.132.238
781	Kitty	Feaveryear	kfeaveryearlo@archive.org	Female	80.186.20.245
782	Dalt	Musterd	dmusterdlp@amazon.de	Male	134.201.189.153
783	Berrie	Gullam	bgullamlq@fc2.com	Female	221.9.146.187
784	Darice	Sweetlove	dsweetlovelr@facebook.com	Female	125.129.126.162
785	Laure	Darwent	ldarwentls@nps.gov	Female	154.25.184.199
786	Emerson	Withur	ewithurlt@accuweather.com	Male	158.36.132.210
787	Toddy	Heare	thearelu@sina.com.cn	Male	133.247.75.196
788	Floyd	Lerwell	flerwelllv@shop-pro.jp	Male	187.172.171.245
789	Michaelina	Fray	mfraylw@imgur.com	Female	164.59.159.77
790	Dew	Tapson	dtapsonlx@bravesites.com	Male	166.19.18.236
791	Erminie	Henrie	ehenriely@mozilla.com	Female	190.189.215.49
792	Rudolfo	Wyeld	rwyeldlz@lulu.com	Male	66.63.216.108
793	Phillie	Jiles	pjilesm0@qq.com	Female	25.139.53.123
794	Alvira	Rizzolo	arizzolom1@comsenz.com	Female	237.252.199.91
795	Katinka	Hattigan	khattiganm2@jalbum.net	Polygender	218.163.156.254
796	Elenore	Jowers	ejowersm3@is.gd	Female	251.62.253.123
797	Mia	Larkings	mlarkingsm4@sfgate.com	Female	230.57.152.5
798	Kalil	Kief	kkiefm5@earthlink.net	Male	33.167.118.98
799	Moise	Hugues	mhuguesm6@home.pl	Male	18.65.88.60
800	Gasparo	Treble	gtreblem7@va.gov	Male	255.66.108.207
801	Kelly	Richardson	krichardsonm8@buzzfeed.com	Female	88.167.5.9
802	Ariana	McGrill	amcgrillm9@youtube.com	Female	226.171.242.100
803	Karola	Godbert	kgodbertma@ucoz.com	Female	51.98.97.154
804	Alexi	Orford	aorfordmb@163.com	Female	231.90.168.85
805	Giorgi	Congram	gcongrammc@dmoz.org	Male	18.197.194.211
806	Cesaro	Wabb	cwabbmd@topsy.com	Male	97.82.187.215
807	Marven	Stimpson	mstimpsonme@opera.com	Male	204.168.116.184
808	Conan	Lenihan	clenihanmf@cyberchimps.com	Male	228.155.237.99
809	Obed	Hysom	ohysommg@paginegialle.it	Male	58.58.98.179
810	Halsy	Verzey	hverzeymh@walmart.com	Male	94.196.59.53
811	Christine	Kleinstern	ckleinsternmi@gov.uk	Female	231.44.97.130
812	Concordia	Sifleet	csifleetmj@mozilla.org	Female	237.206.232.91
813	Drake	Raybould	draybouldmk@mysql.com	Male	206.168.29.123
814	Stanly	Dominick	sdominickml@imgur.com	Male	117.53.114.148
815	Hastings	Coughan	hcoughanmm@psu.edu	Male	205.161.234.94
816	Hilliary	Abramchik	habramchikmn@youku.com	Female	210.156.6.174
817	Harman	Minchin	hminchinmo@psu.edu	Male	53.33.241.27
818	Humphrey	Kroin	hkroinmp@ocn.ne.jp	Male	242.2.230.153
819	Eddy	Haffard	ehaffardmq@nbcnews.com	Female	120.126.154.131
820	Con	Scoyles	cscoylesmr@china.com.cn	Agender	175.192.48.92
821	Barby	Argo	bargoms@prweb.com	Female	215.114.72.187
822	Maye	Pluvier	mpluviermt@yahoo.co.jp	Genderfluid	140.104.68.189
823	Anni	Morrill	amorrillmu@uiuc.edu	Female	209.22.127.27
824	Audrey	Branston	abranstonmv@vkontakte.ru	Female	45.203.182.180
825	Fritz	Methuen	fmethuenmw@npr.org	Male	169.183.95.173
826	Andi	O'Currine	aocurrinemx@princeton.edu	Female	128.83.202.158
827	Alasteir	Filyukov	afilyukovmy@arstechnica.com	Male	96.186.226.50
828	Ceciley	Shaughnessy	cshaughnessymz@nature.com	Female	2.227.173.206
829	Zolly	Stainton - Skinn	zstaintonskinnn0@comsenz.com	Male	100.180.76.253
830	Dora	Pickervance	dpickervancen1@cdc.gov	Female	136.55.242.3
831	Latashia	Fossey	lfosseyn2@xing.com	Female	179.90.37.187
832	Jamima	Reightley	jreightleyn3@digg.com	Female	28.245.222.208
833	Bobbee	Samuel	bsamueln4@weather.com	Female	226.56.163.230
834	Sandy	Sarath	ssarathn5@macromedia.com	Male	169.212.221.251
835	Xymenes	O'Gormley	xogormleyn6@uol.com.br	Male	90.176.85.36
836	Emalee	Ferronel	eferroneln7@mit.edu	Female	11.16.69.96
837	Warren	Battlestone	wbattlestonen8@forbes.com	Male	86.201.169.210
838	Clair	Wigg	cwiggn9@google.co.jp	Female	228.31.181.247
839	Marshall	Klezmski	mklezmskina@globo.com	Male	167.91.70.24
840	Ange	Channing	achanningnb@geocities.com	Female	200.234.241.132
841	Tate	Petracek	tpetraceknc@digg.com	Female	166.149.164.217
842	Bald	Roxbee	broxbeend@omniture.com	Genderfluid	38.53.56.48
843	Jamill	Ivasyushkin	jivasyushkinne@istockphoto.com	Male	48.202.144.234
844	Shelly	MacTurlough	smacturloughnf@mail.ru	Female	207.45.191.37
845	Carmine	Stowte	cstowteng@europa.eu	Female	34.215.213.77
846	Alain	Mynett	amynettnh@simplemachines.org	Male	208.188.210.21
847	Daffi	Schuster	dschusterni@scientificamerican.com	Female	216.186.107.16
848	Pooh	Riby	pribynj@theglobeandmail.com	Male	102.58.144.23
849	Lindsey	Skillicorn	lskillicornnk@mapquest.com	Female	245.72.206.69
850	Fidela	Sparwell	fsparwellnl@furl.net	Female	2.173.253.104
851	Lauren	McKim	lmckimnm@apache.org	Agender	63.129.197.85
852	Bryn	Garrod	bgarrodnn@deliciousdays.com	Female	29.245.110.217
853	Marlon	Thaller	mthallerno@chicagotribune.com	Male	55.98.49.127
854	Pierette	Spedroni	pspedroninp@storify.com	Female	251.80.222.246
855	Rock	Bader	rbadernq@tinypic.com	Male	105.54.139.185
856	Lotti	Drepp	ldreppnr@ebay.com	Female	248.82.8.220
857	Rasla	Bridgement	rbridgementns@blinklist.com	Female	54.4.72.195
858	Harriet	Yukhnev	hyukhnevnt@desdev.cn	Female	107.56.167.98
859	Ruperta	Blackley	rblackleynu@nymag.com	Female	184.122.137.15
860	Astrix	Seabrooke	aseabrookenv@guardian.co.uk	Female	250.133.212.76
861	Agatha	Toulson	atoulsonnw@wufoo.com	Female	191.225.132.251
862	Agretha	Roller	arollernx@goo.gl	Female	164.123.209.157
863	Caril	Skirling	cskirlingny@t.co	Bigender	13.174.120.190
864	Chandler	Sakins	csakinsnz@nps.gov	Male	87.156.3.144
865	Alexandra	Tharme	atharmeo0@twitpic.com	Female	223.253.144.120
866	Nancy	Etienne	netienneo1@discuz.net	Non-binary	126.216.86.80
867	Godfree	Durnin	gdurnino2@mail.ru	Male	62.82.84.1
868	Rockey	Spileman	rspilemano3@merriam-webster.com	Male	200.255.171.126
869	Susan	Petras	spetraso4@dropbox.com	Female	251.227.27.110
870	Guinevere	Beston	gbestono5@sohu.com	Female	96.184.26.54
871	Lurline	D'Antoni	ldantonio6@ed.gov	Female	231.181.129.29
872	Mitchell	Castelli	mcastellio7@wikipedia.org	Male	106.173.33.239
873	Marty	Lebarree	mlebarreeo8@trellian.com	Female	96.43.27.179
874	Rozanna	Floweth	rflowetho9@t-online.de	Female	201.180.239.171
875	Delcina	Knibbs	dknibbsoa@gov.uk	Genderqueer	8.218.150.51
876	Gradeigh	Hampe	ghampeob@godaddy.com	Male	90.82.114.44
877	Loutitia	Cowdray	lcowdrayoc@wikipedia.org	Agender	150.230.75.117
878	Kanya	Soares	ksoaresod@dailymotion.com	Female	252.55.198.130
879	Kellyann	Burras	kburrasoe@shinystat.com	Female	180.61.226.15
880	Carol-jean	Landsman	clandsmanof@sitemeter.com	Female	233.113.232.88
881	Stanwood	Shugg	sshuggog@hud.gov	Male	120.170.155.111
882	Hanni	Sandwich	hsandwichoh@gravatar.com	Female	18.110.82.103
883	Annissa	Mayze	amayzeoi@over-blog.com	Female	173.14.91.171
884	Ronalda	Smitherman	rsmithermanoj@woothemes.com	Female	121.176.131.76
885	Patsy	Bedding	pbeddingok@hubpages.com	Male	160.201.54.65
886	Jeanna	Eayrs	jeayrsol@columbia.edu	Genderqueer	1.197.93.87
887	Burt	Roxbrough	broxbroughom@facebook.com	Male	229.101.135.86
888	Aksel	Domingues	adomingueson@cnbc.com	Male	138.42.113.45
889	Skipton	Wikey	swikeyoo@reuters.com	Male	48.60.204.69
890	Zebulen	Golling	zgollingop@dagondesign.com	Male	238.181.87.151
891	Andre	Wallicker	awallickeroq@yahoo.com	Male	150.180.87.133
892	Hermine	Abelovitz	habelovitzor@mapquest.com	Female	83.159.57.34
893	Cameron	Rigney	crigneyos@psu.edu	Male	45.147.125.254
894	Cass	Crafts	ccraftsot@boston.com	Bigender	167.58.78.127
895	Lydon	Kewzick	lkewzickou@shutterfly.com	Male	226.239.129.5
896	Sascha	Smardon	ssmardonov@opera.com	Male	192.106.208.17
897	Madelina	Gerrey	mgerreyow@list-manage.com	Female	144.37.249.65
898	Felicdad	Freire	ffreireox@arstechnica.com	Female	237.64.232.141
899	Jsandye	Bustin	jbustinoy@hud.gov	Female	129.138.4.157
900	Kirk	Putterill	kputterilloz@youtu.be	Male	243.84.253.37
901	Ronica	Comsty	rcomstyp0@ifeng.com	Female	33.197.114.35
902	Orsola	Siggs	osiggsp1@amazonaws.com	Female	9.34.90.101
903	Freddie	Tiner	ftinerp2@google.co.uk	Male	183.161.44.114
904	Mag	Tulley	mtulleyp3@prweb.com	Female	134.187.220.65
905	Nevin	Castree	ncastreep4@youtu.be	Male	216.231.145.33
906	Leonardo	Beesley	lbeesleyp5@foxnews.com	Male	67.126.72.24
907	Inglis	Batey	ibateyp6@disqus.com	Male	204.172.153.25
908	Vyky	Butter	vbutterp7@tiny.cc	Female	86.254.29.114
909	Bertrand	Scarse	bscarsep8@netlog.com	Male	98.65.230.80
910	Andriette	Burberye	aburberyep9@diigo.com	Female	197.175.157.159
911	Lavina	Shale	lshalepa@home.pl	Bigender	239.95.174.166
912	Karrah	Feldharker	kfeldharkerpb@example.com	Female	13.51.116.87
913	Conrado	Saynor	csaynorpc@usnews.com	Male	207.198.172.66
914	Gaby	McTeague	gmcteaguepd@amazon.de	Male	255.176.8.157
915	Amabelle	Edinborough	aedinboroughpe@wikispaces.com	Female	142.19.41.69
916	Al	Renehan	arenehanpf@list-manage.com	Male	181.3.24.137
917	Charmine	Palatini	cpalatinipg@fastcompany.com	Female	167.190.166.0
918	Annalee	Kleiser	akleiserph@wiley.com	Female	175.18.159.53
919	Samara	Potes	spotespi@who.int	Female	48.128.74.83
920	Verine	Ishchenko	vishchenkopj@boston.com	Female	127.216.9.140
921	Trisha	Manders	tmanderspk@hud.gov	Female	209.200.122.103
922	Sarge	Dearn	sdearnpl@wunderground.com	Male	56.161.158.95
923	Herbert	Pensom	hpensompm@businesswire.com	Male	142.167.233.217
924	Denis	Handlin	dhandlinpn@nydailynews.com	Male	124.156.144.184
925	Cicily	Coveny	ccovenypo@zimbio.com	Female	223.131.160.211
926	Pryce	Lum	plumpp@omniture.com	Male	82.44.74.231
927	Tuckie	Beushaw	tbeushawpq@etsy.com	Male	237.66.15.200
928	Edi	Fulleylove	efulleylovepr@gmpg.org	Female	238.52.146.116
929	Ermina	Farnon	efarnonps@usnews.com	Female	102.47.229.155
930	Anastasie	Strafen	astrafenpt@nbcnews.com	Female	2.121.174.189
931	Marlin	Twinn	mtwinnpu@washingtonpost.com	Male	56.246.64.238
932	Dory	O'Henecan	dohenecanpv@elpais.com	Male	176.0.214.252
933	Karney	Othick	kothickpw@topsy.com	Male	123.173.8.47
934	Reta	Lindmark	rlindmarkpx@squarespace.com	Female	107.243.91.72
935	Katine	Rickardsson	krickardssonpy@w3.org	Female	168.134.154.36
936	Burlie	Harrap	bharrappz@bbb.org	Male	167.14.87.50
937	Krista	Volcker	kvolckerq0@hud.gov	Female	98.63.198.157
938	Melosa	Tillett	mtillettq1@seesaa.net	Female	252.67.70.205
939	Betty	Santacrole	bsantacroleq2@abc.net.au	Female	167.250.87.5
940	Sammy	Esel	seselq3@nbcnews.com	Male	80.15.95.200
941	Hyman	Course	hcourseq4@answers.com	Male	199.183.200.114
942	Ram	Eisold	reisoldq5@weebly.com	Male	75.118.187.63
943	Padraic	Farryan	pfarryanq6@redcross.org	Male	225.36.187.64
944	Base	Kemitt	bkemittq7@addthis.com	Male	91.109.98.244
945	Atlanta	Grierson	agriersonq8@jimdo.com	Female	251.55.218.149
946	Minni	Doring	mdoringq9@desdev.cn	Female	156.29.7.59
947	Bathsheba	Tieraney	btieraneyqa@bluehost.com	Genderqueer	89.120.254.235
948	Dick	Steanson	dsteansonqb@foxnews.com	Male	190.167.204.39
949	Owen	Emblem	oemblemqc@google.fr	Male	73.182.201.175
950	Glendon	Gilby	ggilbyqd@elegantthemes.com	Male	111.150.153.209
951	Bette-ann	Crayke	bcraykeqe@dell.com	Female	157.44.130.22
952	Leoine	Lacasa	llacasaqf@fastcompany.com	Female	174.205.16.229
953	Chaim	Hamblyn	chamblynqg@bbc.co.uk	Genderfluid	72.93.34.22
954	Agretha	Chasle	achasleqh@zimbio.com	Female	12.86.158.32
955	Miriam	Rospars	mrosparsqi@salon.com	Female	91.97.81.4
956	Tobit	Rann	trannqj@github.com	Male	107.126.11.197
957	Edwin	Ballantyne	eballantyneqk@ucoz.ru	Male	169.47.73.7
958	Mavis	McAlinion	mmcalinionql@timesonline.co.uk	Female	2.173.114.108
959	Jerrine	Allder	jallderqm@deliciousdays.com	Female	8.12.73.85
960	Bellanca	Pitone	bpitoneqn@histats.com	Female	29.9.207.39
961	Lynna	Ferriere	lferriereqo@printfriendly.com	Female	131.79.106.255
962	Forbes	Spandley	fspandleyqp@amazon.com	Male	151.19.92.146
963	Angelika	Hundall	ahundallqq@uol.com.br	Female	239.216.200.225
964	Guillaume	Howse	ghowseqr@bravesites.com	Male	15.228.38.161
965	Goldi	Slimmon	gslimmonqs@slashdot.org	Female	148.170.44.43
966	Tailor	Chaudhry	tchaudhryqt@godaddy.com	Polygender	55.207.59.153
967	Savina	Skeermor	sskeermorqu@webeden.co.uk	Female	7.227.156.131
968	Amabelle	Konzelmann	akonzelmannqv@hatena.ne.jp	Genderqueer	254.187.178.32
969	Harli	Pountain	hpountainqw@wsj.com	Female	205.212.165.20
970	Ophelie	Bartels	obartelsqx@boston.com	Female	127.92.153.79
971	Rasla	MacGillivray	rmacgillivrayqy@studiopress.com	Female	46.239.245.237
972	Tessie	Labat	tlabatqz@cpanel.net	Female	88.14.44.237
973	Bradney	Thirkettle	bthirkettler0@xrea.com	Bigender	114.3.75.119
974	Morey	Winckle	mwinckler1@edublogs.org	Male	80.245.83.183
975	Nedda	Foxall	nfoxallr2@google.com	Bigender	36.82.247.195
976	Vaughan	Threlfall	vthrelfallr3@gnu.org	Genderfluid	153.161.232.247
977	Antonius	Snookes	asnookesr4@mozilla.org	Male	192.96.226.233
978	Nat	Waymont	nwaymontr5@reddit.com	Male	161.58.238.157
979	Guillaume	Conkling	gconklingr6@foxnews.com	Male	177.70.3.91
980	Ike	Landman	ilandmanr7@weather.com	Male	43.213.4.32
981	Ardyce	Sherr	asherrr8@over-blog.com	Female	4.91.63.138
982	Bartholomeus	Tarbox	btarboxr9@hhs.gov	Male	38.41.224.83
983	Jacki	McKerron	jmckerronra@reddit.com	Female	204.14.48.43
984	Ichabod	Aiers	iaiersrb@java.com	Male	75.160.134.21
985	Barry	Livick	blivickrc@newyorker.com	Male	181.181.8.129
986	Gal	Olford	golfordrd@last.fm	Male	240.111.91.26
987	Quint	Hatchett	qhatchettre@tamu.edu	Male	177.176.12.190
988	Erica	Corlett	ecorlettrf@whitehouse.gov	Non-binary	40.51.243.213
989	Lenore	Apfel	lapfelrg@soundcloud.com	Female	168.162.174.138
990	Cosmo	Brosini	cbrosinirh@sakura.ne.jp	Male	134.177.167.144
991	Nanette	Hacker	nhackerri@ustream.tv	Female	22.115.166.29
992	Melicent	Larkworthy	mlarkworthyrj@weather.com	Female	135.40.3.81
993	Jade	Heaslip	jheasliprk@elegantthemes.com	Female	237.142.246.43
994	Neville	Hess	nhessrl@blogs.com	Male	165.64.219.51
995	Vevay	Wanden	vwandenrm@mapquest.com	Female	195.215.97.28
996	Gloriane	MacMenamy	gmacmenamyrn@oaic.gov.au	Female	248.102.247.132
997	Monroe	De Cruze	mdecruzero@home.pl	Male	107.28.141.202
998	Celisse	Caban	ccabanrp@yahoo.co.jp	Female	127.156.208.9
999	Cletus	Leighton	cleightonrq@unicef.org	Agender	224.58.64.234
1000	Vyky	Firpi	vfirpirr@irs.gov	Female	204.246.197.158
